{
  "9": 0.2221407113666322,
  "2": 0.26947831420784524,
  "14": 0.3520730462186387,
  "17": 0.4254873566014325,
  "21": 0.5142615895444027,
  "19": 0.5865060044672568,
  "22": 0.6062093413386127,
  "7": 0.6866679383007676,
  "6": 0.8025132809592147,
  "23": 1.1929086711820829,
  "24": 1.5008338141413389,
  "5": 1.6897156507344466,
  "11": 1.8163292887019864,
  "3": 2.52065186981984,
  "13": 3.6830222977355147,
  "4": 3.770902552567649,
  "16": 3.79095257683493,
  "12": 4.325323306496167,
  "10": 4.744852867624993,
  "15": 7.245585975757685,
  "20": 12.206919519524066,
  "8": 24.023803849133053,
  "25": 25.20498233988685,
  "18": 124.80776969509364,
  "0": 0.0,
  "1": 1.0
}